theta,phi,E_opt_ortho,E_opt_meta,E_opt_para,g_norm_ortho,g_norm_meta,g_norm_para
0.0,0.0,-3010.3527440411176,-3010.3598767636304,-3010.356225149885,0.0006975863960960962,0.0011028545987346922,0.0009199243212608679
9.0,0.0,-3010.35334116479,-3010.3573250123577,-3010.351708762913,0.000600035796917247,0.0016855079775947453,0.0019878176452684873
9.0,18.0,-3010.3527424655954,-3010.356485827856,-3010.351895048139,0.0015479240675167214,0.0013996757230244196,0.0007872910663002559
9.0,36.0,-3010.352032716864,-3010.3557945463017,-3010.3524837372993,0.001776598093168933,0.0017050786243648015,0.00012788225350928776
9.0,54.0,-3010.3512817488963,-3010.355388683712,-3010.353387070592,0.0016257881620612637,0.001702357755989474,0.0002551058136913538
9.0,72.0,-3010.350572110188,-3010.355355440137,-3010.354438128456,0.0019003632841269045,0.001751688935153517,0.00018347187485286346
9.0,90.0,-3010.350016180499,-3010.3556623514055,-3010.355489472329,0.001981888872598587,0.0016243399079165436,0.00010369532924648739
9.0,108.0,-3010.3496893739016,-3010.3562775179244,-3010.3564233423795,0.002080747597304672,0.0011802742935686317,3.854553659245377e-05
9.0,126.0,-3010.349624481122,-3010.357065662672,-3010.357173081568,0.0018715492648496673,0.0006360781584809483,0.0005283491993758237
9.0,144.0,-3010.3498027304954,-3010.358212873439,-3010.357710310391,0.001999222461142524,0.00014943650611999238,0.000461432720185951
9.0,162.0,-3010.350209291943,-3010.359447906809,-3010.35803351952,0.001571297158012656,7.034081605081802e-05,0.00041802948955582523
9.0,180.0,-3010.3508435169047,-3010.3605377262174,-3010.358141490074,0.00118537219400511,0.00021426156808497277,6.233853715819515e-05
9.0,198.0,-3010.3515849255236,-3010.3614038437854,-3010.35803390741,0.0002194586518762582,0.00015413948694363282,0.00015811905577009072
9.0,216.0,-3010.3523873979652,-3010.3620253234244,-3010.357716513697,7.110416589475016e-05,0.00011236887045439623,6.757257640676254e-05
9.0,234.0,-3010.35310905197,-3010.36239467575,-3010.357185742992,0.0004632847228629462,6.731546207740497e-05,0.0001672980468336778
9.0,252.0,-3010.3536866498225,-3010.3625009698067,-3010.356436143548,5.255094224549571e-05,3.8840377753257976e-05,0.0004906134356692184
9.0,270.0,-3010.35405748904,-3010.3623335917296,-3010.355546060656,0.00015764097053398826,0.00043670671207653237,0.0007945599312550046
9.0,288.0,-3010.354247941768,-3010.361892772213,-3010.3546051429225,0.000491796939134931,0.0005710560544947144,0.0008102658568259508
9.0,306.0,-3010.354282554201,-3010.361180809438,-3010.353704458481,0.00011055362210882613,0.00097254312550977,0.0010509300650169003
9.0,324.0,-3010.354149241016,-3010.360225090488,-3010.3529283949824,0.0001288361853705564,0.0014428241250760937,0.0012729149835752555
9.0,342.0,-3010.3538385990482,-3010.3591497375205,-3010.352348277712,0.0016915162583439629,0.0017265459934968038,0.0016678392536843346
18.0,0.0,-3010.352418960186,-3010.353504300393,-3010.3448551226456,0.00047547257396091304,0.0007745928393027654,0.0015283840307896584
18.0,18.0,-3010.3514431631734,-3010.3517487342006,-3010.3452853276403,0.0011358054903551908,0.0018895034271933346,8.249654601085023e-05
18.0,36.0,-3010.3500884584155,-3010.3503223522493,-3010.3467076552197,0.0016874281868571267,0.0019117415372576468,0.0006536878145995151
18.0,54.0,-3010.348575442953,-3010.349590729971,-3010.348946532704,0.0019853980044039197,0.0019740338878082874,0.0011584321421089549
18.0,72.0,-3010.3470612365386,-3010.349618122836,-3010.3513744312863,0.0029492888840144138,0.0014279538570360114,0.0006635155664043283
18.0,90.0,-3010.3458870776794,-3010.350284118654,-3010.353486231103,0.0030257543956740446,0.001881547648120822,0.00038793528879926684
18.0,108.0,-3010.3451471692365,-3010.351476836663,-3010.355103725255,0.0032023417363359363,0.001454374849661788,0.0010557323569196217
18.0,126.0,-3010.344945327031,-3010.353239366966,-3010.356285787516,0.003349669104513687,0.00020105874938821825,0.0016844277299048799
18.0,144.0,-3010.3453647051224,-3010.355386201952,-3010.357002638503,0.002598220588857758,9.131712619448064e-05,0.0010456837999711912
18.0,162.0,-3010.346312331263,-3010.3575424594637,-3010.357299456775,0.0016902663147761498,0.00019973727190028884,0.0011427134516576783
18.0,180.0,-3010.3476285143142,-3010.3592929822507,-3010.3573677398385,0.000516410660279008,0.00031350594361240344,0.000373044391676836
18.0,198.0,-3010.349250083675,-3010.360515526892,-3010.357221306901,0.0002942987596754484,0.0005736661949370832,0.00023806939655566319
18.0,216.0,-3010.3507991109486,-3010.3614070886665,-3010.356845082365,0.00048424410085384794,0.001030895085796847,0.00013659087161110658
18.0,234.0,-3010.352004336142,-3010.361970698792,-3010.356162121382,0.0006516333199876991,0.0013013453531233897,0.0002192260459692235
18.0,252.0,-3010.3528353000024,-3010.362219803187,-3010.355065211592,0.0014792555188801377,0.0006581312136301501,0.00040735507157565017
18.0,270.0,-3010.35331070194,-3010.362094724165,-3010.3534692170515,0.0013375050178511475,0.0006229822613186864,0.0008116595504280938
18.0,288.0,-3010.353483476392,-3010.3614856047834,-3010.3516181020595,0.0014659702853073032,0.0010771576898246811,0.001330741683205785
18.0,306.0,-3010.3534449833205,-3010.3603252364483,-3010.349707580817,0.0018839906666329737,0.0012913287910632583,0.0017085620950541532
18.0,324.0,-3010.3533555208305,-3010.358675208233,-3010.347932575129,0.0012339056827184996,0.0014757678776678319,0.0019798637810002576
18.0,342.0,-3010.353053427644,-3010.356577173384,-3010.3465486956616,0.0004124975428099857,0.001704966761361687,0.0017023469916169118
27.0,0.0,-3010.3502265859033,-3010.348841282589,-3010.3376248648574,0.0007766368372293689,0.0002677542514801296,0.0010855565318689106
27.0,18.0,-3010.349246770476,-3010.346260026103,-3010.338289444658,0.000841919625888071,0.0019182182369272779,0.0007505718496900317
27.0,36.0,-3010.347479218547,-3010.3442887035776,-3010.340195354659,0.001706483316509452,0.0016173779463089307,0.000751092428163635
27.0,54.0,-3010.3452535606425,-3010.3434750571546,-3010.343647663234,0.003075288594106088,0.00236350885930539,0.001167056583085302
27.0,72.0,-3010.3429218187944,-3010.343540987779,-3010.347475994675,0.005218841184381024,0.002163837095462914,0.0009122165591475907
27.0,90.0,-3010.340897828158,-3010.344584927587,-3010.3506332363986,0.00839626635572806,3.6642029554231464e-05,0.0016039365731161908
27.0,108.0,-3010.3398244674477,-3010.346573355478,-3010.352642145863,0.006801291209185453,6.37745083518526e-05,0.001180314673869376
27.0,126.0,-3010.339588493474,-3010.3490723542136,-3010.3538016578045,0.005029191526695679,0.00010006554132207926,0.0013189788028320421
27.0,144.0,-3010.3400217649005,-3010.3518318746756,-3010.354249307607,0.004243592161615928,0.00018328198297747064,0.0015986849827060218
27.0,162.0,-3010.341630455868,-3010.3544249348533,-3010.354222862132,0.0023420668351680453,0.00032280016584811393,0.0018457157436456704
27.0,180.0,-3010.3438381608767,-3010.3563473321815,-3010.354067400554,0.0006645330626356259,0.0006032852267281922,0.001645344515445929
27.0,198.0,-3010.3461526357232,-3010.357545468869,-3010.3539151965506,0.0005156265923593048,0.0016283147554290137,0.0002270945012825588
27.0,216.0,-3010.3482482526497,-3010.3583004381326,-3010.353708879681,0.000444153075100664,0.0029995666502248657,0.0005949048294869966
27.0,234.0,-3010.349577221586,-3010.358832319887,-3010.353306314756,0.0035417846771209644,0.001066271159865645,0.0003761261097695557
27.0,252.0,-3010.350291566395,-3010.359290916831,-3010.352370501093,0.0026073540703293,0.0013040357993620954,0.0006904132151696587
27.0,270.0,-3010.35055255958,-3010.359375172295,-3010.3503525138053,0.0016230527336696685,0.0016417725850885118,0.0011192970202744557
27.0,288.0,-3010.350476486116,-3010.3589268627693,-3010.34770955854,0.0023411973826510286,0.0020745671135571513,0.0014014373772584302
27.0,306.0,-3010.350327617081,-3010.3578460985445,-3010.344767199138,0.0031333974487243676,0.0001670608977633166,0.0019462598366176307
27.0,324.0,-3010.3504111701386,-3010.3557044954114,-3010.3419058639292,0.0019024659769881025,0.0006840600854616298,0.002566998075852165
27.0,342.0,-3010.350536883073,-3010.352777703227,-3010.3397618139397,0.0009228384387268625,0.0039274087419406715,0.0025498647996186814
36.0,0.0,-3010.347023302738,-3010.343991599894,-3010.331674203266,0.0009988361697350807,0.00011435087587090857,0.0017031016690370363
36.0,18.0,-3010.3462595322535,-3010.340753644956,-3010.3323746745286,0.0013335804746210532,0.0018262811966788966,0.001343186459092713
36.0,36.0,-3010.3442003443943,-3010.3383257068513,-3010.334778081276,0.001801970366440484,0.0010631774106421477,0.00025271729708452187
36.0,54.0,-3010.3411841331226,-3010.3374184115196,-3010.3386491418087,0.004144446922282363,0.0016546005227240773,0.0011353451294668611
36.0,72.0,-3010.3383474082066,-3010.3377279194683,-3010.3433631950766,0.002290021735888648,0.0005691859373590884,0.0014290450975676006
36.0,90.0,-3010.336040064211,-3010.3392770260975,-3010.3472806386912,0.004112097924165269,8.786948262706462e-05,0.0008898888987644851
36.0,108.0,-3010.3344134320937,-3010.3418144851908,-3010.349324906378,0.0034872117973008864,0.0001335072128351308,0.0012833910889817903
36.0,126.0,-3010.333817246852,-3010.3448313611007,-3010.349986059212,0.0037257536086356536,0.0001035985014890595,0.0015611353048206706
36.0,144.0,-3010.334593051786,-3010.3478866459427,-3010.3497698352776,0.0027261957708995845,0.0001902404554945198,0.0017835678760176642
36.0,162.0,-3010.3366468624,-3010.3505105159434,-3010.349184176638,0.0007298788202015909,0.0004261693078916491,0.0014585613637553094
36.0,180.0,-3010.3397034465725,-3010.3521698034792,-3010.3486948945433,0.0008745182911320682,0.0008875050774008239,0.0013943835018006981
36.0,198.0,-3010.3426904974567,-3010.3528180967105,-3010.348591524546,0.000492010083391015,0.0019312118362624507,0.00039915429394864085
36.0,216.0,-3010.3449549263282,-3010.3532142718377,-3010.3487698848435,0.0006237412101352926,0.001903137610618866,0.0009526117812768272
36.0,234.0,-3010.346060536214,-3010.3534751345314,-3010.3490529913174,0.003993619660339461,0.0018713436252866503,0.0010245811167689735
36.0,252.0,-3010.3463961900225,-3010.3539726848708,-3010.3488032795312,0.0025836860081708667,0.0018601559744311463,0.0014010941298128932
36.0,270.0,-3010.3460614904916,-3010.354450425918,-3010.3467140899884,0.0034020835429214263,0.0014248584074647711,0.0014412222104697185
36.0,288.0,-3010.345642127769,-3010.3544860013812,-3010.34344522245,0.004117351192665717,0.0015273901019568904,0.0014984434922928136
36.0,306.0,-3010.3454025884535,-3010.353896253483,-3010.339487663316,0.0032166501099314486,6.385321311436917e-05,0.0021502685877101955
36.0,324.0,-3010.3457520793386,-3010.3518464812005,-3010.335577827236,0.0025362562321691,0.000478228268786302,0.0022450739454106176
36.0,342.0,-3010.3466295688386,-3010.348455642197,-3010.3327197790795,0.0014117596692389367,0.001903871883751312,0.0024061732657849376
45.0,0.0,-3010.3432686282226,-3010.3395094769958,-3010.3258968533064,0.0010006962315378715,0.0010394229050262294,0.001967055646080577
45.0,18.0,-3010.3429086753904,-3010.335508690021,-3010.32694521693,0.0015140047915879389,0.0016855523751382175,0.0012512352020233612
45.0,36.0,-3010.340545184362,-3010.332835895382,-3010.329833799918,0.003953550885097045,0.0015675921419504879,0.0002493108487313188
45.0,54.0,-3010.3373073827966,-3010.3317221255706,-3010.3343702400502,0.0018449710463226874,0.0009736018472323075,0.0008387841678676332
45.0,72.0,-3010.334118215834,-3010.3322889261476,-3010.3396040814455,0.0026729075068536107,0.00017288730008986335,0.0008694572878617602
45.0,90.0,-3010.3313393643475,-3010.334243579421,-3010.343879955574,0.0022020144945224408,8.866705010564675e-05,0.0015411786648323292
45.0,108.0,-3010.329313798097,-3010.3372358044803,-3010.3454829728703,0.0042782325881964645,6.303083446434665e-05,0.0018063700974214139
45.0,126.0,-3010.328481499612,-3010.3406752299766,-3010.3451360844942,0.0030790249470545104,0.00010011417751746058,0.0016310656470222467
45.0,144.0,-3010.3294989777887,-3010.343865106988,-3010.344004823583,0.0024041283183365895,0.0002044686837402924,0.0015966070958821996
45.0,162.0,-3010.332119583353,-3010.346238150436,-3010.34284032069,0.0007455859416907227,0.0004828830912118456,0.0017440967222908416
45.0,180.0,-3010.335777630458,-3010.347215148102,-3010.3418914402955,0.001041574637567465,0.001962764925992004,0.0011919824913185222
45.0,198.0,-3010.3391263197354,-3010.347059683978,-3010.34191430605,0.0006512841246573538,0.0014996849975728295,0.0016610700549251393
45.0,216.0,-3010.3411606740838,-3010.3463127716846,-3010.342660482863,0.0006172712669291603,0.001832037263553173,0.0010818867948640403
45.0,234.0,-3010.34161066646,-3010.346296092028,-3010.3439116265095,0.004169225066467493,0.004670730440320733,0.0012859258986892064
45.0,252.0,-3010.340986692619,-3010.346838976295,-3010.344791282036,0.0034927207699606256,0.004650456235676445,0.0010992895400301756
45.0,270.0,-3010.340169195344,-3010.3478359205233,-3010.34348990026,0.003750205283064043,0.0026404372732176254,0.0016808211878679242
45.0,288.0,-3010.3390561586875,-3010.348833913316,-3010.3397557138273,0.002281609823165875,0.00015628505159399883,0.0019224368232693106
45.0,306.0,-3010.3383537548457,-3010.348959890046,-3010.3346445178067,0.002125413385445191,6.394439840486857e-05,0.0019218588836552167
45.0,324.0,-3010.3391571482816,-3010.3474365176235,-3010.3300219773073,0.0020496601446230766,0.0005016682931163232,0.001957954295117276
45.0,342.0,-3010.341764279742,-3010.343815023569,-3010.326980696829,0.0013279278923500183,0.0021286749827831406,0.0012474973148414834
54.0,0.0,-3010.3392647069036,-3010.3354806162133,-3010.3211753634855,0.001975638947684132,0.001353355253200446,0.0012467350103529083
54.0,18.0,-3010.33942508581,-3010.3309083285462,-3010.3223793090847,0.0012374988665445818,0.0015357113291166297,0.0010398448375483827
54.0,36.0,-3010.3366678726584,-3010.3277679007188,-3010.325655686254,0.003709954014513998,0.0015164679638513708,0.00037321303537052656
54.0,54.0,-3010.33377302677,-3010.3266047978427,-3010.3308368635153,0.0006056820383387026,0.00031918013733415557,0.0009337684183770259
54.0,72.0,-3010.330395037145,-3010.3273452587746,-3010.336697354349,0.002280941963309193,7.548375064855694e-05,0.0007290970092735468
54.0,90.0,-3010.327334571847,-3010.3296660710475,-3010.340919787438,0.0020082160373565503,0.00010825361918584772,0.0012977361497461604
54.0,108.0,-3010.32491342469,-3010.3330461685464,-3010.341748262506,0.0029474004184656907,0.00020487812313771614,0.0018353174345104154
54.0,126.0,-3010.323837878822,-3010.3367798316826,-3010.340087210436,0.0028106848991641506,0.00010532856338174214,0.0019396538173446852
54.0,144.0,-3010.3250181499266,-3010.339997083982,-3010.337593611559,0.0023104284396456443,0.0001359705017835073,0.0015346678372812022
54.0,162.0,-3010.328183604919,-3010.342003039013,-3010.3358729233832,0.000824161723131639,0.00043148136860684746,0.0027673018162750083
54.0,180.0,-3010.332345371595,-3010.342131451642,-3010.3346104690677,0.0012021177029886989,0.0015543289310577055,0.0030835673790332112
54.0,198.0,-3010.335717488191,-3010.34078280658,-3010.334573201347,0.0010427025473071683,0.0019492698763882864,0.0012562066101415676
54.0,216.0,-3010.3371821165665,-3010.3390636777735,-3010.3359065269447,0.0007102974411478954,0.00325856011223349,0.003301304979019256
54.0,234.0,-3010.336888888617,-3010.3383880165056,-3010.338421226551,0.0011881274457283448,0.005329884409195252,0.001099408227335128
54.0,252.0,-3010.3357136607583,-3010.3390199553796,-3010.3408523682015,0.002444021779704882,0.005393184650140795,0.0006928566955277949
54.0,270.0,-3010.333925937753,-3010.340577110484,-3010.34051029226,0.003072020378342104,0.005083374679980885,0.0018187496606415277
54.0,288.0,-3010.332368442091,-3010.342347873621,-3010.336551932621,0.0035221959491832664,0.002735176088775896,0.002205326397695066
54.0,306.0,-3010.3315421394573,-3010.343552040383,-3010.3307306581387,0.0029188311447600943,0.00019784162519246229,0.0019764842997612407
54.0,324.0,-3010.332440399899,-3010.342959235504,-3010.3257637804218,0.0032295473085712867,0.0005058428557177643,0.0016620058997304688
54.0,342.0,-3010.3367153991967,-3010.3396761719855,-3010.322378275633,0.0021998639921467066,0.0027380360167339616,0.0013029738736294915
63.0,0.0,-3010.335206947729,-3010.3322167934916,-3010.3176330064553,0.004087496803960531,0.0014319708471379649,0.001153891549432216
63.0,18.0,-3010.3359635811867,-3010.327155803589,-3010.318908849753,0.004197536929292133,0.0015033452395183842,0.0011952400483710853
63.0,36.0,-3010.3341007327135,-3010.3235826921796,-3010.3223373778014,0.0004621033773638319,0.0005230437415155559,0.0003259399599522067
63.0,54.0,-3010.3308890277026,-3010.322161934939,-3010.3280678577767,0.002031634397667143,0.00033735225742510117,0.0005924810606923077
63.0,72.0,-3010.327538696974,-3010.323041320235,-3010.334476028899,0.0010517737272566453,3.526401204139667e-05,0.0006497819825437694
63.0,90.0,-3010.3243133987503,-3010.3257202303284,-3010.3385179847996,0.002033156787417958,0.00012405656283057757,0.0009981996710465935
63.0,108.0,-3010.32149329703,-3010.329437383102,-3010.3383694283416,0.0019070366491045656,0.0002355518391865883,0.0010850822624755578
63.0,126.0,-3010.3201681312544,-3010.3332777432333,-3010.335149338865,0.0020603990909133824,0.0004285887436513262,0.0017048641270443472
63.0,144.0,-3010.321411037903,-3010.3364399753873,-3010.331306519166,0.0018083758957986328,0.0008183920918733714,0.0018266807700100273
63.0,162.0,-3010.325091153366,-3010.338116368266,-3010.3289789861296,0.001011154373512071,0.000977190618078082,0.0019672956516901137
63.0,180.0,-3010.3296495612653,-3010.337415968903,-3010.3275825974074,0.001288565433233677,0.000898896969733375,0.0018695726302646583
63.0,198.0,-3010.332759039824,-3010.3345152135257,-3010.3274773419635,0.0010554669254656131,0.0019209325188341358,0.0017170479267626356
63.0,216.0,-3010.333305470586,-3010.3313532488246,-3010.329614209257,0.0008238374009456429,0.0032663044965098873,0.000246394862355112
63.0,234.0,-3010.331891399727,-3010.32991490442,-3010.3334817532027,0.003879530659119139,0.004225112740527051,0.000686361743633461
63.0,252.0,-3010.3306446550678,-3010.3307485478363,-3010.3377088199995,0.003287722025542284,0.004228474031896942,0.0010413764911834666
63.0,270.0,-3010.3283877120975,-3010.3328559715906,-3010.338185741287,0.004177643363986114,0.004000692230014969,0.001267129934401197
63.0,288.0,-3010.326098813129,-3010.335758959854,-3010.334364725125,0.0035766663850183176,0.0006996960596872725,0.001607664315634582
63.0,306.0,-3010.3246389428887,-3010.338053110431,-3010.328137545745,0.0029688150077293593,0.000118072039068464,0.0008959753769171712
63.0,324.0,-3010.3247478313056,-3010.3387058189364,-3010.32238478472,0.0026996076131770705,0.0006952728259240531,0.0014786872345688082
63.0,342.0,-3010.3317054279896,-3010.336308927509,-3010.318901493308,0.0036664451861608324,0.0023771091289387443,0.0006061543706834866
72.0,0.0,-3010.332005667554,-3010.3299849433297,-3010.315451288032,0.0015417617107876976,0.0011916078216035943,0.00039034925258438197
72.0,18.0,-3010.333209131369,-3010.324700489671,-3010.3166634184645,0.0012294827899408272,0.0004488203118637118,0.0006781016235428735
72.0,36.0,-3010.3313415914668,-3010.3203929450833,-3010.3200628886957,0.0012994825848952742,0.00036153512574893667,0.0007112109673768137
72.0,54.0,-3010.3288511498795,-3010.318644718708,-3010.3263259972296,0.00024947237330577175,0.0001509943051198546,0.0007179762432669732
72.0,72.0,-3010.3258461561777,-3010.3196733121,-3010.3331223094665,0.0012636140098737766,7.458771076977e-05,0.0007194490503446439
72.0,90.0,-3010.3225339434084,-3010.3226834769357,-3010.336818361655,0.001822341330628389,6.979469151977332e-05,0.0007156976311102512
72.0,108.0,-3010.319440516715,-3010.326595010106,-3010.3355829657867,0.0016798657965471685,0.00030723166826420595,0.0009825947785481312
72.0,126.0,-3010.3177533233725,-3010.3302770851933,-3010.330719298432,0.0014122773759233835,0.0006196248039866067,0.001719402589443471
72.0,144.0,-3010.318888873889,-3010.333310675244,-3010.3255330305433,0.00144567116515429,0.0010391530917768929,0.0012684694899122355
72.0,162.0,-3010.3230189988244,-3010.334894011059,-3010.3229435863136,0.0006897613473881009,0.0006096583151619663,0.0016407015735773534
72.0,180.0,-3010.3278939758266,-3010.3334519953255,-3010.3218964931507,0.0009699140096244602,0.0012696959835560222,0.0016975489983350287
72.0,198.0,-3010.330404321148,-3010.3289794862158,-3010.322246566026,0.0014537220076494795,0.0017593407952882492,0.0012969637039740949
72.0,216.0,-3010.3296396443106,-3010.3241450176242,-3010.3244594234984,0.0013275899193033853,0.003733104294872612,0.0017381055708475185
72.0,234.0,-3010.3284708378555,-3010.3219735483353,-3010.3294014389066,0.0012584175964868583,0.0045397702496737065,0.0004101401470209546
72.0,252.0,-3010.3270217786658,-3010.322879431213,-3010.335090555614,0.0018152944958975369,0.004959484496593308,0.0012088319855489986
72.0,270.0,-3010.3244178514824,-3010.325558815536,-3010.33667767924,0.0017293554548106541,0.0043015759832214714,0.0006262875106869585
72.0,288.0,-3010.3214151962293,-3010.329497692465,-3010.333215679116,0.0014719258289657717,0.0009569320338447009,0.0014017143145138786
72.0,306.0,-3010.319253125647,-3010.3328817769097,-3010.326556416902,0.0015864138788247984,0.00012899356224226388,0.0012479337243243517
72.0,324.0,-3010.318939439458,-3010.3348852660024,-3010.3201188093662,0.0012764308475949364,0.0013926058212456757,0.0017127604490032144
72.0,342.0,-3010.3205434439033,-3010.333707037199,-3010.316712467511,0.0015893858281152383,0.0019198230236864313,0.0005214504432424179
81.0,0.0,-3010.3294619355383,-3010.3289636101545,-3010.3148094262187,0.0011658066015075078,0.0006269888146118904,0.0002620952264156777
81.0,18.0,-3010.330747552783,-3010.323218251999,-3010.315741837481,0.001765365023185641,0.0015172502244327876,0.0012419795798171845
81.0,36.0,-3010.3291736379556,-3010.318304708104,-3010.318951320693,0.0009872586144789469,0.0002560271045576264,0.0004514986930951994
81.0,54.0,-3010.327539593711,-3010.3162854825173,-3010.325702164811,0.0012483005505607501,0.00032661347742364886,0.0019302469716474765
81.0,72.0,-3010.3252601397767,-3010.3176063614324,-3010.332846088122,0.0011023487490725533,0.0003179642376023589,0.0008666058795163069
81.0,90.0,-3010.3221705345923,-3010.321008345062,-3010.336047491204,0.000782437793304948,0.0003840293907452257,0.00023796170604816074
81.0,108.0,-3010.318892081262,-3010.3248617314016,-3010.3337098815223,0.0003957604841194424,0.00016139774539372239,0.0004180821166352701
81.0,126.0,-3010.3167546455284,-3010.327857761929,-3010.327315796275,0.00046886283260605155,0.0017474592243787806,0.0012953971530376973
81.0,144.0,-3010.317622930437,-3010.3306503492345,-3010.3207964431417,0.0009981109195892747,0.0006677795447489246,0.0011459882306401612
81.0,162.0,-3010.322083815884,-3010.332543779908,-3010.318250041746,0.0008591620157260948,0.001414107431537098,0.0018327286521815887
81.0,180.0,-3010.3273285970904,-3010.3306014641857,-3010.3184445349007,0.001256138532933611,0.0009118282449632302,0.0004335672466816082
81.0,198.0,-3010.3289244242055,-3010.32505341462,-3010.317834078146,0.0007799424603789935,0.0010467862283163245,0.0014550814069508415
81.0,216.0,-3010.32653673047,-3010.3179935366734,-3010.3237887052187,0.00033517510407858245,0.0018488678868951228,0.0011530133732826691
81.0,234.0,-3010.3272268057617,-3010.312010535914,-3010.330141933917,0.001686725042194041,0.003772163932682014,0.001091072977303007
81.0,252.0,-3010.325407903251,-3010.316366848159,-3010.336022889419,0.0014363891647485108,0.004871439632326038,0.00038513949354060617
81.0,270.0,-3010.32245415151,-3010.320042980961,-3010.337564412734,0.0006094589287268268,0.0017918600992721785,0.0009878651288330704
81.0,288.0,-3010.3191987459845,-3010.324392318953,-3010.333436290729,0.0005722042008940378,0.0006504505144061682,0.0018625723015209782
81.0,306.0,-3010.316986291371,-3010.3284836885427,-3010.326206997277,0.0009534228834827124,0.0036464526838066538,0.0012278520990456013
81.0,324.0,-3010.3176137792,-3010.331654113162,-3010.3194345152842,0.0008732048561243327,0.002227547926425121,0.0013961045827832641
81.0,342.0,-3010.3226032262332,-3010.332127930183,-3010.315850587895,0.0006287379536483309,0.0008880289486562709,0.00025898375993705616
90.0,0.0,-3010.3278972279504,-3010.3292283341766,-3010.3158314999096,0.0011901767212381153,0.00032258464197210167,0.0003062017415777778
90.0,18.0,-3010.329090382099,-3010.3233245174188,-3010.3160423136487,0.0006368368169443633,0.0010822759018502398,0.0018774382123501966
90.0,36.0,-3010.3274569748983,-3010.317529167323,-3010.319242487593,0.0014560589272272833,0.00034603499438770006,0.00119660782113481
90.0,54.0,-3010.3271256808875,-3010.3153202544177,-3010.327060132524,0.003960793037727278,0.0011285110544375409,0.0011207436933735335
90.0,72.0,-3010.3253148072163,-3010.319286157558,-3010.3337758291163,0.004099157538279748,0.005780549373791839,0.001237508652378409
90.0,90.0,-3010.3231916116406,-3010.323573190148,-3010.336281548383,0.0010497017617316247,0.0050438300776980225,8.882586359132702e-05
90.0,108.0,-3010.3197201365438,-3010.327882847584,-3010.3330373476374,0.0005646999418150359,0.004525123364690971,0.001043574289453244
90.0,126.0,-3010.3172875002933,-3010.330338364084,-3010.3259762738803,0.0014221896950413519,0.004305804881742595,0.0003919089908268517
90.0,144.0,-3010.3175677266954,-3010.3314779384586,-3010.3190219199437,0.0006401454637684855,0.0006826034331468063,0.0008032787687255417
90.0,162.0,-3010.322415220002,-3010.331646475626,-3010.3158842118087,0.000816353386488122,0.000676670303950768,0.0004514123644576523
